placa,nombre_completo
57196,ABUNDIO SANTOS CARMEN JULIA
1032742,ACOSTA LOPEZ ALEXIS JUAN
1168140,ADAMES LOPEZ GUSTAVO KHALIL
1168133,AGUILAR CARDOSO YAHIR
1156891,AGUILAR ESPINDOLA ANTONIO DANIEL
759007,AGUILAR MEDINA AGUSTIN
848215,AGUILAR MEJIA IVAN SILVESTRE
1002659,AGUILAR PEREZ OSCAR GEOVANNI
828176,ALAMILLA MARIN JUAN GABRIEL
24337,ALAVEZ HERNANDEZ LEOPOLDO
1168135,ALAVEZ RAMIREZ ANDREA GISSELLE
1151129,ALBERTO PEREZ ROCIO
1151132,ALCANTARA DIAZ BRISA ARIANA
36465,ALEJANDRO GARCIA SAMUEL
1168136,ALFARO ROSADO MARIO OCTAVIO
824641,ALMARAZ CADENA CESAR
1002666,ALPIZAR RODRIGUEZ JOEL GENARO
1151135,ALVA GUADARRAMA MARIA DEL
1038885,ALVARADO LAZCANO RAFAEL
931903,ALVARADO NOLASCO OSCAR
1163089,ALVARADO PALLARES DANIELA GUADALUPE
1127621,ALVARADO VAZQUEZ ELISEO
860398,ALVARADO ZAMUDIO LUIS ANTONIO
1126376,ALVAREZ CABAÑAS JOSE ALFREDO
870066,ALVAREZ MORALES ABRAHAM
1163091,ALVAREZ PEREZ LIZBETH ANAHI
1031063,AMADOR JIMENEZ EDUARDO
1163097,AMBROSIO CHOMPA EDITH
869761,ANALCO VICTORINO MARBEL
829547,ANAYA ROSALES ROBERTO
1151143,ANDRADE HERNANDEZ LAURA AIDE
882753,ANDRADE MURILLO JESUS
991258,ANDRES FERNANDEZ RODRIGO
1151406,AQUINO ORTIZ LIZETH GUADALUPE
1168145,ARAUJO ARROYO AMERICA
1151147,ARECHIGA FLORES ALEJANDRO
1151155,ARENAS CASTRO CRISTIAN ALEXIS
836338,ARENAS RUBALCAVA JOSUE
1168148,ARIAS ANTONIO FELIPE ANGEL
902063,ARIZMENDI AYALA MIGUEL ANGEL
1151163,ARPIDE DURAN GIOVANA ABIGAIL
933637,ARREGUIN BAUTISTA JEENIFER
1163147,ARRIAGA GONZALEZ JOSE
1168154,ARRIAGA PORTILLA MARIA GUADALUPE
915704,ARROYO MARTINEZ ROBERTO AZAEL
931942,ARVIZU ARELLANO DULCE KARINA
1163159,ARVIZU NAVARRO ALAN RAFAEL
55887,ARVIZU NAVARRO DARWIN BRANDOM
991515,AVILA AVILA HUGO ALFONSO
754969,AVILA CALIXTO CARLOS
1151174,BACA CHAVARRIA JONATHAN ALEXANDER
1151178,BAHENA MENDEZ MARTIN ALEJANDRO
939795,BALBUENA ALZALDE ARTURO EDGAR
1151179,BALDERAS BARRADAS MICHELLE
991518,BAÑUELOS PADILLA JORGE DAYAN
869722,BARBA HERNANDEZ JOSE ANGEL
754972,BARON JIMENEZ LUIS
1168349,BARRERA GALICIA GILBERTO ANTONIO
1163173,BARRERA MUÑIZ JESSICA JAZMIN
1156169,BARRERA REYES DAVID
918835,BARRIOS CRUZ JOSE FELIX
1163178,BARRON CASTRO MARIO
1126402,BARRON GRAJEDA LUIS ANGEL
905001,BARRUETA CERVANTES RAUL
1151183,BAUTISTA BARCENAS KARLA IBETH
1163184,BAUTISTA DONALDO
909899,BAUTISTA MUÑOZ OMAR
918838,BAUTISTA NORMANDIA JOSE ALBERTO
1135816,BAUTISTA NORMANDIA ULISES
918839,BAUTISTA RIVERA JOVANNY
1135819,BAUTISTA VICENTE DANIA ITZEL
1126427,BELTRAN PEREZ LUIS FERNANDO
59872,BENEGAS PERALTA GERARDO IVAN
871091,BOIX VALTIERRA MAGDA CAROLINA
917156,BOLAÑOS BALANZAR ELIO ALAN
1163083,BOLAÑOS QUIJADA IAN
1151188,BUSTAMANTE CALIXTO EDUARDO
1151191,CABALLERO GARCIA NOEMI
1163094,CABELLO OCHOA NOHEMA
863893,CALIXTO SANCHEZ FRANCISCO
1168172,CALLADO CASTRO JUAN ARTURO
1126416,CAMARILLO LOPEZ ARLEN PIEDAD
1151200,CANALES CASTILLO OMAR
927035,CARAPIA SECUNDINO ARIANA
1126442,CARBAJAL BADILLO SHARON MISHELL
749685,CARDENAS CORONA SERGIO
1163119,CARMONA CASTILLO KAREN STEFANY
1168189,CARMONA HERNANDEZ MONTCERRATH
1168187,CARMONA RODRIGUEZ LESLIE PAOLA
1151215,CARRILLO ANTONIO ISRAEL
1020805,CASTAÑEDA GUTIERREZ ANAYENTZI
918850,CASTAÑEDA MARTINEZ GERARDO
1168192,CASTELLANOS ROSALES CESAR IYARI
1151221,CASTILLO HERNANDEZ LIZBETH KAREN
1090430,CASTILLO PARTIDA ANDREA
1151226,CASTRO BAUTISTA FERNANDO MIGUEL
1135843,CASTRO ESCARCEGA DULCE YANEL
990642,CASTRO GARCIA CELESTE JUDITH
1151229,CASTRO SALGADO JAVIER
850165,CELSO JUAN DE DIOS
1163152,CERDA VALLEJO ABIGAIL DE
61627,CEREZO CASTRO BRENSI PILAR
1151235,CERVANTES HERNANDEZ DAYANA
916182,CERVANTES MONTES DE OCA
1151131,CERVANTES RAMIREZ FERNANDO SAID
915419,CERVANTES VALLEJO JUAN ANTONIO
990651,CHAVARO RANGEL JOSE MIGUEL
1163160,CHAVEZ GARDUÑO LUIS ANGEL
808091,CHAVEZ GORIBAR JESUS RICARDO
1151137,CHAVEZ MUÑOZ KEVIN
1151141,CHOLICO DE LA CRUZ
876020,CHONG MUÑOZ ERICK ARTURO
755322,CHORA ALCANTARA DAVID
866430,CID BARRANCO JUAN MANUEL
971441,CLAVERIA FLORES JOSE AARON
1163165,COLIN APARICIO GUSTAVO ANGEL
934849,COLIN VICTORIA JESSICA
905056,CORDERO SIERRA YOSEP
1151159,CORONA BUENDIA ALEJANDRO
1168343,CORTES AGUILAR YANETH
916184,CORTEZ GARRIDO CESAR
1127634,CORTEZ ORTIZ KEVIN
939903,CRISTOBAL REYES SILVINO
1163198,CRUZ BLAS HUGO ARMANDO
1029353,CRUZ GACHUZO RAUL
1163208,CRUZ GONZALEZ ARMANDO
918866,CRUZ GONZALEZ KARINA
17004,CRUZ ROLDAN MANUEL MOISES
1090331,CRUZ ROMERO ARACELI
51890,CRUZ TREJO DAVID
990683,CRUZ TREJO ROGELIO
1007357,CRUZ VELAZQUEZ ALBERTO
909917,CRUZ ZELENY DULCE SARAHI
1105362,CUEVAS JIMENEZ DIANE
1163241,CUEVAS MARTINEZ IRAD ABISAI
1151198,DAMIAN MEZA DIANA GABRIELA
1168347,DE JESUS AGUILAR SHADIA
1125291,DE LA CRUZ DELGADILLO
3819,DE LA CRUZ GOMEZ
1126480,DE LA CRUZ HERNANDEZ
1151223,DE LA CRUZ SANCHEZ
1168348,DE LA ROSA VALDEZ
1126492,DE LUCAS AVILA IVAN
1168356,DEL ANGEL VALLADARES KARLA
1108208,DEL VALLE GUZMAN LILIBETH
1156099,DELGADILLO GODINEZ JAZMIN GUADALUPE
918876,DIAZ DE LUNA JOSE
824307,DIAZ MEJIA JORGE MARIO
1126505,DIONICIO HERRERA JOANA
991302,DOMINGUEZ CRISANTES EDWIN DANIEL
927085,DOMINGUEZ FLORENCIO NANCY
1151279,DOMINGUEZ REYES DULCE ALEJANDRA
882814,ECHEVERRIA CAMPOS MARCO POLO
1168375,ENCISO MALVAEZ JESUS ALEJANDRO
984687,ESPINOZA BALDERAS JOSE ANTONIO
882843,ESPINOZA SANCHEZ ANGEL ISRAEL
1020784,ESQUIVEL MARTINEZ EDWIN FERNANDO
850787,ESTRADA AGUIRRE GILBERTO
869843,ESTRADA CELIS BENITO
836392,ESTRADA LOPEZ ISMAEL
1168390,ESTRADA MARTINEZ ILSE MARIAM
1163233,FALCON ESPARZA BRENDA
991327,FERIA PEREZ BERNARDINO
939914,FERREIRA ALANIZ GEOVANNY
1022110,FIDEL JUSTO YESSICA
1168404,FIGUEROA HERNANDEZ JOSE PABLO
1128140,FLORES HERNANDEZ OSCAR
1156153,FLORES MANDUJANO LEONARDO FRANCISCO
1168408,FLORES MERAZ ALEJANDRO
1001099,FLORES ROLDAN PEDRO
16052,FLORES ZAMORA HUGO
1168354,FRANCO LOZANO ALEXIS
909925,FRANCO SOMERA ALONSO ERASMO
753511,FRANCO ZARATE JORGE
990790,FRAUSTO GALICIA MARIO FRANCISCO
1163269,FRIAS MARTINEZ ERIKA GUADALUPE
1151302,GALICIA ANDRADE LIZBETH LESLI
1151371,GALIOTE SOTO URIEL
1151375,GALIZ RODRIGUEZ GABRIELA
48090,GALVAN LOPEZ FRANCISCO
1090355,GARCES PINEDA ALEJANDRA BERENICE
876059,GARCIA ACEVEDO RICARDO
918890,GARCIA ALONSO BRENDA MARIANA
909929,GARCIA ARRIAGA LUCIO CESAR
850815,GARCIA CORTES FRANCISCO MARTIN
916209,GARCIA DELGADILLO JOSE ANGEL
36998,GARCIA GARCIA JESUS FERNANDO
1090380,GARCIA HURTADO KAREN NATALY
888235,GARCIA LOPEZ MARCO ADAN
918897,GARCIA MENDOZA ALMA ANGELICA
1163299,GARCIA MORA CORAL ESTEFANIA
757881,GARCIA QUINTERO SALVADOR ELIAS
865899,GARCIA SANTOS JOSE CARLOS
1151397,GARCIA SOLIS LAURA TATIANA
1151353,GARIBAY MUÑOZ NESTOR JOAQUIN
1168364,GINEZ MACEDA JULIA MONTSERRAT
61279,GODINEZ RUIZ JOSE LUIS
1103200,GOMEZ ESPINOSA GEORGINA
926990,GOMEZ GARCIA VALENTIN DE
1151391,GOMEZ RAFAEL ULISES ALFREDO
1036446,GOMEZ REYES DAVID ARTURO
1163062,GOMEZ RUPERTO LIDIA JAZMIN
830590,GONZALEZ CIELO JOEL
1151395,GONZALEZ ESQUIVEL NESTOR MICHEL
57342,GONZALEZ GUTIERREZ BELINDA
1163082,GONZALEZ MARTINEZ ALAN
1007180,GONZALEZ MARTINEZ BRAULIO ALFONSO
25699,GONZALEZ MORALES SALVADOR
1163095,GONZALEZ ORTEGA ALFREDO ERNESTO
1125397,GONZALEZ RAMOS LUIS FERNANDO
1163110,GONZALEZ RICO JULIAN YOHIRO
1163121,GONZALEZ SANCHEZ ANGELINA YARETZI
939731,GONZALEZ SANCHEZ JAVIER
1168383,GONZALEZ TRUJILLO CHRISTIAN AXEL
851923,GONZALEZ ZAMUDIO ADRIAN
848551,GUADARRAMA CARBAJAL YAZMIN ERIKA
1151405,GUEVARA REYES ANA JOSELYN
1151408,GUTIERREZ GARCIA RODRIGO GUILLERMO
918922,GUTIERREZ SALAS JHONATAN
988370,HERNANDEZ BAUTISTA DIEGO ANTONIO
36950,HERNANDEZ BLAS GERARDO IGNACIO
934427,HERNANDEZ CERON RICARDO NOE
1126714,HERNANDEZ CONTRERAS JOSE MANUEL
866822,HERNANDEZ ESPINOZA LUIS
1168410,HERNANDEZ GALICIA YAEL
1168414,HERNANDEZ GUZMAN DARIO ABRAHAM
56119,HERNANDEZ HERNANDEZ ADRIAN
932026,HERNANDEZ HERNANDEZ DENNIS ESTIVEN
35077,HERNANDEZ HERNANDEZ ENRIQUE GILBERTO
905115,HERNANDEZ NEGRETE BRENDA
999732,HERNANDEZ NERI LEONARDO
992102,HERNANDEZ NOYOLA ADRIAN
823242,HERNANDEZ ORTIZ HUGO
1168412,HERNANDEZ PEÑALOZA LAURA PAOLA
1135918,HERNANDEZ RAMIREZ MONICA GUADALUPE
1163187,HERNANDEZ REYES JOSUE DAVID
755056,HERNANDEZ REZA MARIO
1156311,HERNANDEZ ROMERO EDWIN ISRAEL
918947,HERNANDEZ SALDAÑA EDGAR OZIEL
1151195,HERNANDEZ SAMANO SACID ABRAHAM
13072,HERNANDEZ TORRES JOSE AGUSTIN
828534,HERNANDEZ ZAMORA HERIBERTO
990796,HERRERA CASTAÑEDA CARLOS STEVEN
932040,HERRERA LIMON JUAN MANUEL
1168377,HUESCA ROSAS ACIS ISRAEL
869889,IBARRA ESQUIVEL ALBERTO
1125087,IBARRA HERNANDEZ ANA LILI
988374,IBARRA LIMA MARTIN EDUARDO
869897,JARAMILLO ALFARO MIGUEL ANGEL
1168386,JARAMILLO LOPEZ FRANCISCO JAVIER
1168152,JARILLO ANASTACIO DAVID EDUARDO
939771,JERONIMO JIMENEZ JOSE FIDEL
875685,JIMENEZ CONTRERAS RUBEN OSWALDO
1156088,JIMENEZ FLORES CINTHIA
1127418,JIMENEZ GUTIERREZ GABRIEL
1135927,JIMENEZ JIMENEZ ALEJANDRA PAOLA
917298,JIMENEZ PIÑA MARIBEL
1036434,JIMENEZ RANGEL IVAN
1168158,JOACHIN BAUTISTA JONNATHAN
847196,JOVE MARTINEZ JOSE
1036245,JUAN LOPEZ CARLOS DANIEL
902180,JUAREZ CHAVEZ ELISA ARELY
1156094,JUAREZ PANTOJA JAVIER
22925,JUAREZ VAZQUEZ JOSE ALVARO
905172,JUAREZ VAZQUEZ JOSE RICARDO
1036342,JUAREZ ZEAS JESUS
1036609,JULIAN FUENTES LEONEL
918970,LANDEROS TOSS OMAR
882955,LARES VAZQUEZ IVAN
919027,LEON GONZALEZ CRISTIAN RUBEN
764134,LEON REYNA EDGAR RASIEL
934903,LEYVA LOPEZ ARMANDO
988193,LEZAMA FABIAN OSCAR OCTAVIO
1151306,LILI ALVAREZ NERI
919028,LOAIZA ROMERO JESUS
934906,LOPEZ ALVAREZ JOSE ARMANDO
1163289,LOPEZ BERNAL MONICA ALEJANDRA
1141797,LOPEZ CEDILLO NELI YAQUELIN
1151314,LOPEZ HERNANDEZ JORGE ARMANDO
1126546,LOPEZ LOPEZ MIGUEL
714678,LOPEZ LUGO DAVID DE
986852,LOPEZ LUNA ISRAEL
822586,LOPEZ MARTINEZ CESAR
999765,LOPEZ NIEVES OSCAR JESUS
984902,LOPEZ ROQUE MARIA PAOLA
1002851,LOPEZ SANCHEZ JUAN JOSUE
910434,LOPEZ VELAZQUEZ RUUD JACOB
883017,LOPEZ VILLAFRANCO JOSE DOMINGO
1036348,LORENZO QUIROZ ADRIAN
1151410,LOZADA ALONSO CARLOS
36616,LOZANO MORALES GUSTAVO
1151148,LUCIA ROMERO JUAN CARLOS
1151168,LUNA DIAZ NOTZI JATZIRI
1151184,LUNA LOPEZ WENDY JANETH
820632,MACARENA GONZALEZ GERARDO
1168193,MAGNO GONZALEZ ANGEL EDUARDO
751177,MALDONADO GONZALEZ JOSE ALFREDO
1168195,MALDONADO REYES IRLANDA GABRIELA
1151192,MANCERA SILVA LITZY PAOLA
907019,MARCA GONZALEZ ERIK ALEJANDRO
1168201,MARQUEZ LOPEZ LESLY
903748,MARTINEZ ARROYO ROCIO
1151208,MARTINEZ CALVO JOSE DE
869905,MARTINEZ CRUZ NEMECIO
837684,MARTINEZ GONZALEZ BERNARDO
42072,MARTINEZ GONZALEZ JOSE ALONSO
1168202,MARTINEZ GONZALEZ SAMANTHA
1126636,MARTINEZ HERNANDEZ VICTOR
1032802,MARTINEZ MARIN GRACIELA MAGALI
907823,MARTINEZ MARTINEZ DAVID
869756,MARTINEZ MARTINEZ JORGE
999761,MARTINEZ MARTINEZ SERGIO ALEJANDRO
1016558,MARTINEZ MOLINA CARLOS ANGEL
1163057,MARTINEZ PARRA FRANCISCO BARUC
907029,MARTINEZ PEREZ MARIO ALBERTO
1151224,MARTINEZ RAMIREZ JANET
905317,MARTINEZ SALAS ELIZABETH
1168204,MARTINEZ VELAZQUEZ ANA SAIDY
939751,MARTINEZ VILLEDA OSWALDO ALDAIR
882756,MATADAMAS LOBERA ERICK OSBALDO
916294,MEDRANO MARTINEZ ANGEL MANUEL
1163077,MELCHOR ARZATE MAYRA
915557,MELENDEZ HERNANDEZ ISMAEL
1163085,MELGOZA HERNANDEZ ABEL CRESCENCIO
998536,MENDEZ AQUINO PEDRO
1156204,MENDEZ MENDEZ VICTOR PASCUAL
818874,MENDEZ ORTIZ RODRIGO
1151244,MENDEZ VELAZQUEZ MAIRA LUCINA
830932,MENDOZA AGUILAR JOSE
8272,MENDOZA GARCIA ANASTACIO
1168236,MENDOZA HERNANDEZ DANIELA ESTEFANIA
1163111,MERCADO SANTOS PAOLA MARISOL
1151256,MEXICANO LUNA RUBEN
1151259,MEZA RODRIGUEZ KARLA MICHELL
915712,MILLAN SAAVEDRA MARBELLA
1156222,MOLINA BUITRON VICTOR HUGO
750415,MOLOTLA JARDINES DANIEL
830660,MONDRAGON PEDRERA RODRIGO UBALDO
1020850,MONGE ARTEAGA ANGEL ALEXISS
36154,MONTAÑO ALVARADO AARON
1025577,MONTAÑO DELGADO DANIELA MICHELLE
1156246,MONTER PAZ JOSE PABLO
916307,MONTERO SERRANO ALVARO
933824,MONTES HERNANDEZ MICHEL
1090194,MONTIEL HERNANDEZ LOURDES VERENICE
1163124,MORALES ARENAS JUAN PABLO
1151280,MORALES MARTINEZ AXEL
1163126,MORALES MAZARIEGOS SERGIO ISRAEL
1151350,MORALES OLVERA VICTOR MANUEL
1151393,MORALES PADILLA MONSERATH
50597,MORENO ALVARADO EVERARDO
850784,MORENO LUCIANO JOSE DE
1168263,MORENO OVANDO FIDEL
1168273,MUNDO RODRIGUEZ ITZURI
919064,MUNGUIA JAIMES ANGEL
1151349,MUÑOZ DE LOS SANTOS
905245,MUÑOZ HERNANDEZ FRANCISCO JAVIER
870625,MUÑOZ PEREZ GUSTAVO
1163161,NAJERA LARIOS MARIO
916315,NAVA ENRIQUEZ MIGUEL
916317,NAVA GONZALEZ JUAN CARLOS
1125224,NAVA TITLA ROSALBA
919071,NAVARRETE ANGELES ISMAEL ALEJANDRO
57739,NAVARRO SOTO KRISTHIAN FERNANDO
1151385,NESTOR ROMERO ESAU
1001146,NICOLAS JOSE ENRIQUE
927131,NIEVES ALVARADO CARLOS MIGUEL
1125201,NOLBERTO PARDO ALEJANDRA LIZBETH
1156289,NUÑEZ MAGOS ALEJANDRO
1151320,NUÑEZ RAMIREZ MARIA GUADALUPE
986677,NUÑEZ SANCHEZ TANIA PAULETTE
975108,OCEJO CORTES JORDY IRVING
1126657,OCHOA MORENO JOSE LUIS
907796,OCOTL AYALA HECTOR
1002810,OLALDE RODRIGUEZ ANGEL
9027,OLGUIN VILLEGAS LINDORO
1151255,OLVERA CASTILLO BRENDA IVETT
916325,ONOFRE GONZALEZ JHONY FRANK
1156101,ORDAZ NAVARRETE ERICK DANIEL
905268,ORDOÑEZ REYES JUAN IVAN
1151360,ORIZABA MORALES DANIEL STEVE
915574,OROPEZA ALMARAZ OSCAR DAVID
905272,ORTEGA VAZQUEZ EDUARDO ANTONIO
1090522,ORTIZ GARCIA BRENDA ARIANA
1151330,ORTIZ PALESTINO JORGE LUIS
917269,OSORIO JARAMILLO CARLOS
1163197,OSORIO RAMIREZ RAUL
862937,OSORIO SALDAÑA ERIC ADRIAN
24903,PACHECO CORTES SEBASTIAN ROBERTO
1168288,PACHECO ESPINOZA ADRIAN
55138,PALMA ESPAÑA ALEJANDRO
838430,PAREDES GONZALEZ EMMANUEL
1168294,PAREDES GONZALEZ JHONATAN
915578,PARTIDO CASTILLO CHRISTOPHER
986703,PASTRANA GONZALEZ EDGAR
20347,PATIÑO COBOS JIMMY JOEL
903847,PATIÑO ESCOBAR IVAN ALBERTO
1151362,PATLAN RODRIGUEZ FRANCISCO
837940,PAZ GOMEZ LUIS ANTONIO
1007447,PAZ LOPEZ ALAN MAURICIO
1168295,PEÑA TAPIA ALEXIS
871256,PEÑALOZA SANDOVAL MIGUEL ANGEL
902250,PERALTA ORTIZ CLISERIO
919099,PERALTA YAHUACA SULEYMA ABIGAIL
905295,PEREZ CRISOSTOMO JOSE LUIS
916351,PEREZ FRANCISCO JOSE JUAN
1126569,PEREZ GARCIA EDGAR
1168176,PEREZ GARRIDO CASANDRA
9588,PEREZ LOPEZ MIGUEL
862962,PEREZ MAYA ROGELIO ARMANDO
35259,PEREZ RIVERA NEMECIO
907827,PEREZ SOLANO ERIC GERARDO
1126532,PERUSQUIA RODRIGUEZ ILDEFONSO
31219,PICAZO MARTINEZ JAIME
34552,PICENO BARCEINAS JOSEFINA TRINIDAD
934970,PINEDA AYALA DANIEL VENTURA
915585,PINEDA FLORES JESSICA
871277,PIÑA DIAZ ERIK
1001137,PLANCARTE MARROQUIN SAMUEL BENJAMIN
47832,PLATA GUTIERREZ CARLOS EDUARDO
927034,PLAZA RAMIREZ EDGAR EDUARDO
1168203,POMPA PAEZ KEVIN YAIR
856228,PUGA BARRAGAN JOSE CARLOS
1168205,QUEZADA IBAÑEZ FERNANDO
1128063,QUIJANO ESQUIVEL MARTHA YUNUEE
764153,QUINTANAR SEVILLA RICARDO
1168211,QUINTOS GOMEZ CAROLINA
1168222,RAMIREZ CASTAÑEDA GLORIA RUBY
1168214,RAMIREZ CERECEDO LUIS MIGUEL
1151366,RAMIREZ ESPINOSA BERENICE
939812,RAMIREZ GARCIA YESSICA LESLI
1151327,RAMIREZ JIMENEZ MARIA DEL
1151329,RAMIREZ LAZCANO HEINAR
1022263,RAMIREZ MARTINEZ RAUL
58101,RAMIREZ SALAZAR ANDREA
1168238,RAMIREZ VAZQUEZ JANETH
1156219,RAMOS ALVAREZ ANA LAURA
919074,RAMOS HERNANDEZ DAMIAN
1159404,RANGEL PEÑALOZA ISMAEL ARMANDO
860598,REGALADO GONZALEZ JUAN CARLOS
869857,REMIGIO MARTINEZ ALONSO
1151339,RESENDIZ CITLALI ANAHI
1151373,RESENDIZ RAMOS JUAN JESUS
1090220,REYES AGUILAR LAURA NAYELI
1151346,REYES ELIZALDE BRENDA ELIZABETH
1156234,REYES GAONA KEILA ISABEL
1151136,REYES LOPEZ JONATHAN
755464,REYES LOPEZ JOSE MAURICIO
1090389,REYES RIVERA ELIANA ILSE
20698,REYES ROJAS FELIPE
44721,REYES VELAZQUEZ LORENZO ROGELIO
44719,REYES VELAZQUEZ RICARDO
845416,REZA MARTINEZ JUAN CARLOS
1151153,RINCON LOPEZ JESSICA ISABEL
1007473,RIOS ALFARO ADAN MICHEL
1128118,RIVAS BARRANCO LUIS ALEJANDRO
905197,RIVERA AGUILAR FRANCISCO JAVIER
38874,RIVERA GARCIA ERNESTO
34858,RIVERA MARTINEZ JORGE
986664,RODRIGUES MANUEL LUIS
1168388,RODRIGUEZ BELTRAN DANIELA
754403,RODRIGUEZ BOIZO GERARDO
830735,RODRIGUEZ CRUZ RICARDO
1151236,RODRIGUEZ MALDONADO DIANA SHANTAL
1127636,RODRIGUEZ MARTINEZ FERNANDO
38341,RODRIGUEZ MARTINEZ LEONEL
1163087,RODRIGUEZ MORALES DAVID
1168235,RODRIGUEZ PACHECO WILLIAN DAN
1151240,RODRIGUEZ TREJO ERICK ESAU
1151245,RODRIGUEZ VALDEZ MONICA
1163093,ROJAS HERNANDEZ KARINA
830024,ROJAS JUAREZ JESUS
1151252,ROJAS LOPEZ ORLANDO
1151258,ROJAS NACAR FABIAN
1163477,ROJAS PALMA MARIO
1151266,ROJAS VARGAS ERICK ALBERTO
10736,ROJO CABALLERO MARIO
1151272,ROMERO HERNANDEZ SARA
1151278,ROMERO MANUEL KARLA ITZEL
1168250,ROMO GUERRERO JOSE DE
1163431,ROSALES CURIEL OSCAR
888672,ROSALES MORA GUSTAVO EDUARDO
1128179,RUEDA ACUÑA EDUARDO
1151367,RUIZ ESCAMILLA MIGUEL ANGEL
1168254,RUIZ LOPEZ GUADALUPE
1126724,RUIZ MADRIGAL DANIEL EMILIO
1127642,RUIZ OCADIO HUGO
1151322,SANCHEZ ARANA KAREN
1128225,SANCHEZ DE TAGLE PONCE
1034527,SANCHEZ GONZALEZ JUAN
829492,SANCHEZ JUAREZ LEON
1163448,SANCHEZ MONTALBAN ALONDRA
1168259,SANCHEZ RUBIO ISIS MAGNOLIA
952470,SANCHEZ SANCHEZ LILIAN
910455,SANCHEZ SIERRA BRENDA ESTEFANY
933911,SANCHEZ VALDERRABANO JESUS RAMON
1168269,SANCHEZ VALENZUELA YEMI
1036460,SANDOVAL CRUZ JOSE ANTONIO
764106,SANDOVAL GARIBAY EDGAR
915517,SANTIAGO DE LA CRUZ
1097474,SANTIAGO DIAZ XOCHITL ANETTE
939855,SANTIAGO GUTIERREZ ERIC
763588,SANTIAGO RAMIREZ MILTON
848557,SANTIAGO RAMOS PATRICIA
38606,SANTILLAN RAMIREZ ISRAEL
1168400,SARMIENTO REYES VERONICA
1163473,SERRALDE CONTRERAS MARIA FERNANDA
919144,SERRALDE ENRIQUEZ RODRIGO
1168402,SERRANO CASTILLO EDGAR
57549,SERRANO SANTIAGO ALEJO
927132,SOLANO RODRIGUEZ REMEDIOS ESMERALDA
889305,SORIANO LANDA ARMANDO
837734,SOTELO MORALES GUILLERMO
836364,SOTO GUTIERREZ VICTOR MANUEL
1168430,SOTO MARTINEZ CARLOS ALBERTO
1168432,SUAREZ MEZA ANDRES
917361,SUAREZ VELAZQUEZ GERARDO
1051729,TABOADA SANCHEZ JORGE LUIS
1168435,TAMAYO ALVAREZ ABRAHAM ISRAEL
1151206,TELLEZ LEYVA CHRISTIAN JESUS
1163481,TELLEZ MIRANDA LUIS FERNANDO
915538,TEODORO MALDONADO QUINTIL
1168439,TEPANECATL LOPEZ MAYRA
1168442,TERAN ARIAS SUSANA GABRIELA
844816,TOLENTINO AGUILAR JUAN CARLOS
848409,TORRES VILLAFAÑA BLANCA MARGARITA
761774,UBALDO OLAYA ALEJANDRO
919126,URIBE MENDEZ LUIS ALBERTO
33480,VALDEZ GONZALEZ MIGUEL ANGEL
755188,VALENCIA DIAZ PEDRO GERARDO
1103163,VAZQUEZ CARBAJAL AZUCENA
1151242,VAZQUEZ HERNANDEZ ANAYELI
1168428,VAZQUEZ JARILLO JANETH VIRIDIANA
1007460,VEGA LIZAOLA JORGE VICTOR
1151253,VELA DE LA SANCHA
928115,VELAZQUEZ GONZALEZ ARTURO
1163445,VELAZQUEZ SALAS CESAR EDUARDO
55948,VERDUZCO VARGAS NOEL JOSS
1151267,VERGARA GARCIA BRAYAN RICARDO
1157318,VERGARA YAÑEZ JUAN DANIEL
61037,VICENCIO GARCIA JORGE AUGUSTO
903619,VICTORIA BIRU ALEJANDRO
843781,VICTORIANO SANTANA ERIC JAVIER
905345,VILLAGRANA RAMIREZ ABRAHAM DE
1156908,VILLANUEVA VALENCIA SEBASTIAN
1168445,VITE ANGELES JORDAN ALBERTO
885312,YAÑEZ GOMEZ VANESSA
1151298,ZAVALA MATEHUALA MARLENE
1168287,ZAVALA TOVAR KARLA PAOLA
730249,ZENIL OJEDA RICARDO
